APP,CVE ID,Second Description,AccessVector,Attack Complexity,Confidentiality Impact,Integrity Impact,Availability Impact,Base Score,Base Severity,Exploitability Score,Impact Score,Version End Excluding,Version End Including
WhatsApp,CVE-2017-8769,"** EN DISPUTA ** Facebook WhatsApp Messenger 2.17.146 para Android utiliza la tarjeta SD para el almacenamiento en archivos en texto claro (audio, documentos, imágenes, vídeos y notas de voz) asociados a una conversación incluso si se elimina dicha conversación. Puede haber usuarios que esperen que se realice el borrado de estos archivos una vez que se elimina la conversación o usuarios que esperen que estos archivos estén cifrados (de acuerdo al uso por parte de la aplicación de una base de datos cifrada para almacenar los textos de conversaciones). NOTA: el fabricante indica que no \""considera que esto se trate de problemas de seguridad\"" debido a que un usuario, de forma legítima, puede querer preservar cualquier archivo para su uso \""en otras apps como la galería de Google Photos\"", independientemente de si la conversación asociada se ha eliminado o no.",PHYSICAL,LOW,HIGH,NONE,NONE,4.6,MEDIUM,NULL,NULL,2.16.323,
WhatsApp,CVE-2018-6344,Una corrupción basada en memoria (heap) en WhatsApp puede deberse a un paquete RTP mal formado que se envía tras el establecimiento de una llamada. Esta vulnerabilidad puede utilizarse para provocar una denegación de servicio. Afecta a WhatsApp para Android en versiones anteriores a la v2.18.293 WhatsApp para iOS en versiones anteriores a la v2.18.93 y WhatsApp for Windows Phone en versiones anteriores a la v2.18.172.,NETWORK,LOW,NONE,NONE,HIGH,7.5,HIGH,NULL,NULL,2.18.293,
WhatsApp,CVE-2019-3568,"Una vulnerabilidad de desbordamiento de búfer en la pila VOIP de WhatsApp permitió la ejecución remota de código a través de una serie de paquetes RTCP especialmente diseñados que se enviaron a un número de teléfono de destino. El problema afecta a WhatsApp para Android anterior a v2.19.134, WhatsApp Business para Android anterior a v2.19.44, WhatsApp para iOS anterior a v2.19.51, WhatsApp Business para iOS anterior a v2.19.51, WhatsApp para Windows Phone antes de v2.18.348 , y WhatsApp para Tizen antes de v2.18.15.",NETWORK,LOW,PARTIAL,PARTIAL,PARTIAL,7.5,HIGH,NULL,NULL,2.19.44,
WhatsApp,CVE-2018-6349,"Al recibir llamadas usando WhatsApp para Android, una falta de comprobación de tamaño cuando se analizan un paquete proporcionado por el remitente permite un desbordamiento basado en la pila. Este problema afecta a WhatsApp para Android anterior a versión 2.18.248 y WhatsApp Business para Android anterior a versión 2.18.132.",NETWORK,LOW,HIGH,HIGH,HIGH,9.8,CRITICAL,NULL,NULL,2.18.132,
WhatsApp,CVE-2018-6350,"Fue posible una lectura fuera de límites en WhatsApp debido a un análisis incorrecto de los encabezados de extensión RTP. Este problema afecta a WhatsApp para Android anterior a versión 2.18.276, WhatsApp Business para Android anterior a versión 2.18.99, WhatsApp para iOS anterior a versión 2.18.100.6, WhatsApp Business para iOS anterior a versión 2.18.100.2 y WhatsApp para Windows Phone anterior a versión 2.18. 224.",NETWORK,LOW,PARTIAL,PARTIAL,PARTIAL,7.5,HIGH,NULL,NULL,2.18.99,
WhatsApp,CVE-2019-11927,Un desbordamiento de enteros en las bibliotecas de análisis multimedia de WhatsApp permite a un atacante remoto llevar a cabo una escritura fuera de límite en el pila por medio de etiquetas EXIF especialmente diseñadas en imágenes WEBP. Este problema afecta a WhatsApp para Android anterior a la versión 2.19.143 y WhatsApp para iOS anterior a la versión 2.19.100.,LOCAL,LOW,HIGH,HIGH,HIGH,7.8,HIGH,NULL,NULL,2.9.143,
WhatsApp,CVE-2019-11932,"Una vulnerabilidad doble gratuita en la función DDGifSlurp en decoding.c en la biblioteca android-gif-drawable antes de la versión 1.2.18, como se usa en WhatsApp para Android antes de la versión 2.19.244 y muchas otras aplicaciones de Android, permite a los atacantes remotos ejecutar código arbitrario o causar una denegación de servicio cuando la biblioteca se utiliza para analizar una imagen GIF especialmente diseñada.",NETWORK,LOW,HIGH,HIGH,HIGH,8.8,HIGH,NULL,NULL,2.19.244,
WhatsApp,CVE-2019-11933,"Un error de desbordamiento del búfer de la pila en libpl_droidsonroids_gif antes del 1.2.19, como es usado en WhatsApp para Android anteriores a la versión 2.19.291, podría permitir a atacantes remotos ejecutar código arbitrario o causar una denegación de servicio.",NETWORK,LOW,HIGH,HIGH,HIGH,9.8,CRITICAL,NULL,NULL,2.19.291,
WhatsApp,CVE-2019-11931,"Se podría desencadenar un desbordamiento de búfer en la región heap de la memoria en WhatsApp mediante el envío de un archivo MP4 especialmente diseñado hacia un usuario de WhatsApp. El problema estaba presente en el análisis de los metadatos de flujo elemental de un archivo MP4 y podría resultar en un DoS o RCE. Esto afecta a Android versiones anteriores a la versión 2.19.274, iOS versiones anteriores a la versión 2.19.100, Enterprise Client versiones anteriores a la versión 2.25.3, Business for Android versiones anteriores a 2.19.104 y Business for iOS versiones anteriores a 2.19.100.",LOCAL,LOW,HIGH,HIGH,HIGH,7.8,HIGH,NULL,NULL,2.19.274,
WhatsApp,CVE-2020-1886,"Un desbordamiento del búfer en WhatsApp para Android versiones anteriores a v2.20.11 y WhatsApp Business para Android versiones anteriores a v2.20.2, podría haber permitido una escritura fuera de límites por medio de una transmisión de video especialmente diseñada después de recibir y responder una videollamada maliciosa",NETWORK,LOW,HIGH,HIGH,HIGH,8.8,HIGH,NULL,NULL,2.20.11,
WhatsApp,CVE-2020-1890,"Un problema de comprobación de URL en WhatsApp para Android versiones anteriores a v2.20.11 y WhatsApp Business para Android versiones anteriores a v2.20.2, podría haber causado que el destinatario de un mensaje sticker que contenía datos deliberadamente malformados cargara una imagen desde una URL controlada por el remitente sin interacción del usuario",NETWORK,LOW,NONE,HIGH,NONE,7.5,HIGH,NULL,NULL,2.20.11,
WhatsApp,CVE-2020-1891,"Un parámetro controlado por usuario usado en videollamada en WhatsApp para Android versiones anteriores a v2.20.17, WhatsApp Business para Android versiones anteriores a v2.20.7, WhatsApp para iPhone versiones anteriores a v2.20.20 y WhatsApp Business para iPhone versiones anteriores a v2.20.20, podría haber permitido una escritura fuera de límites en dispositivos de 32 bits",NETWORK,LOW,HIGH,HIGH,HIGH,9.8,CRITICAL,NULL,NULL,2.20.17,
WhatsApp,CVE-2020-1894,"Un desbordamiento de escritura de pila en WhatsApp para Android versiones anteriores a v2.20.35, WhatsApp Business para Android versiones anteriores a v2.20.20, WhatsApp para iPhone versiones anteriores a v2.20.30 y WhatsApp Business para iPhone versiones anteriores a v2.20.30, podría haber permitido una ejecución de código arbitraria cuando se reproduce un mensaje push to talk especialmente diseñado",NETWORK,LOW,HIGH,HIGH,HIGH,8.8,HIGH,NULL,NULL,2.20.35,
WhatsApp,CVE-2020-1905,"Los URI de Media ContentProvider usados para abrir archivos adjuntos en otras aplicaciones se generaron secuencialmente antes de WhatsApp para Android versión v2.20.185, lo que podría haber permitido que una aplicación de terceros maliciosa elegida para abrir el archivo adivine los URI de los archivos adjuntos abiertos previamente hasta que la aplicación de apertura sea finalizada",LOCAL,LOW,LOW,NONE,NONE,3.3,LOW,NULL,NULL,2.20.185,
WhatsApp,CVE-2020-1906,"Un desbordamiento de búfer en WhatsApp para Android anterior a versión v2.20.130 y WhatsApp Business para Android anterior a versión v2.20.46, podría haber permitido una escritura fuera de límites al procesar videos locales malformados con transmisiones de audio E-AC-3",LOCAL,LOW,HIGH,HIGH,HIGH,7.8,HIGH,NULL,NULL,2.20.130,
WhatsApp,CVE-2020-1907,"Un desbordamiento de pila en WhatsApp para Android anterior a versión v2.20.196.16, WhatsApp Business para Android anterior a versión v2.20.196.12, WhatsApp para iOS anterior a versión v2.20.90, WhatsApp Business para iOS anterior a versión v2.20.90 y WhatsApp para Portal anterior a versión v173.0.0.29.505, podría haber permitido una ejecución de código arbitrario cuando analiza el contenido de un encabezado RTP Extension",NETWORK,LOW,HIGH,HIGH,HIGH,9.8,CRITICAL,NULL,NULL,2.20.196.16,
WhatsApp,CVE-2020-1910,"Una falta de comprobación de límites en WhatsApp para Android anterior a la v2.21.1.13 y WhatsApp Business para Android anterior a la versión v2.21.1.13, podría haber permitido la lectura y escritura fuera de límites si un usuario aplicaba filtros de imagen específicos a una imagen especialmente diseñada y enviar la imagen resultante",LOCAL,LOW,HIGH,HIGH,HIGH,7.8,HIGH,NULL,NULL,2.21.1.13,
WhatsApp,CVE-2021-24026,"Una falta de comprobación de límites dentro de la tubería de decodificación de audio para llamadas de WhatsApp en WhatsApp para Android versiones anteriores a v2.21.3, WhatsApp Business para Android versiones anteriores a v2.21.3, WhatsApp para iOS versiones anteriores a v2.21.32 y WhatsApp Business para iOS versiones anteriores a v2. 21.32, podría haber permitido una escritura fuera de límites",NETWORK,LOW,HIGH,HIGH,HIGH,9.8,CRITICAL,NULL,NULL,2.21.3,
WhatsApp,CVE-2021-24027,"Un problema de configuración de caché anterior a WhatsApp para Android versión v2.21.4.18 y WhatsApp Business para Android versión v2.21.4.18, puede haber permitido a un tercero con acceso al almacenamiento externo del dispositivo leer material TLS almacenado en caché",NETWORK,LOW,HIGH,NONE,NONE,7.5,HIGH,NULL,NULL,2.21.4.18,
WhatsApp,CVE-2021-24041,Una comprobación de límites faltante en el código de desenfoque de imágenes anterior a WhatsApp para Android v2.21.22.7 y WhatsApp Business para Android v2.21.22.7 podría haber permitido una escritura fuera de límites si un usuario enviaba una imagen maliciosa,NETWORK,LOW,HIGH,HIGH,HIGH,9.8,CRITICAL,NULL,NULL,2.21.22.7,
WhatsApp,CVE-2020-20096,"Whatsapp iOS 2.19.80 y anteriores y Android 2.19.222 y versiones anteriores de interfaz de usuario, no representa apropiadamente los mensajes URI al usuario, lo que resulta en una suplantación de URI por medio de mensajes especialmente diseñados",NETWORK,LOW,NONE,HIGH,NONE,6.5,MEDIUM,NULL,NULL,,2.19.222
WhatsApp,CVE-2022-27492,Un desbordamiento de enteros en WhatsApp podría haber causado una ejecución de código remota cuando es recibido un archivo de vídeo diseñado.,LOCAL,LOW,HIGH,HIGH,HIGH,7.8,HIGH,NULL,NULL,2.22.16.2,
Instagram,CVE-2020-1895,Podría presentarse un desbordamiento grande de la pila en Instagram para Android cuando se intenta cargar una imagen con dimensiones especialmente diseñadas. Esto afecta a las versiones anteriores a 128.0.0.26.128.,LOCAL,LOW,HIGH,HIGH,HIGH,7.8,HIGH,NULL,NULL,128.0.0.26.128,
Instagram,CVE-2020-20094,"Instagram iOS para iOS versiones 106.0 y anteriores y para Android versiones 107.0.0.11 y versiones anteriores de interfaz de usuario, no representa apropiadamente los mensajes URI para el usuario, lo que resulta en una suplantación de URI por medio de mensajes especialmente diseñados",NETWORK,LOW,NONE,HIGH,NONE,6.5,MEDIUM,NULL,NULL,,107.0.0.11
Chrome,CVE-2014-3159,"La función WebContentsDelegateAndroid::OpenURLFromTab en components/web_contents_delegate_android/web_contents_delegate_android.cc en Google Chrome anterior a 36.0.1985.122 en Android no restringe debidamente la carga de URLs, lo que permite a atacantes remotos falsificar la URL en el Omnibox a través de vectores no especificados.",NETWORK,LOW,PARTIAL,PARTIAL,NONE,6.4,MEDIUM,NULL,NULL,,36.0.1985.106
Chrome,CVE-2014-3161,"La función WebMediaPlayerAndroid::load en content/renderer/media/android/webmediaplayer_android.cc en Google Chrome anterior a 36.0.1985.122 en Android no interactúa debidamente con las redirecciones, lo que permite a atacantes remotos evadir Same Origin Policy a través de un sitio web manipulado que hospeda un flujo de vídeo.",NETWORK,LOW,PARTIAL,PARTIAL,PARTIAL,7.5,HIGH,NULL,NULL,,36.0.1985.106
Chrome,CVE-2014-3201,"core/rendering/compositing/RenderLayerCompositor.cpp en Blink, utilizado en Google Chrome anterior a 38.0.2125.102 en Android, no maneja debidamente cierta condición de desbordamiento de IFRAME, lo que permite a atacantes remotos falsificar contenido a través de un sitio web manipulado que interfiere con la barra de desplazamiento.",NETWORK,LOW,NONE,PARTIAL,NONE,5.0,MEDIUM,NULL,NULL,,38.0.2125.101
Chrome,CVE-2014-7905,"Google Chrome anterior a 39.0.2171.65 para Android no previene la navegación a una URL en los casos donde una intento para la URL no tiene CATEGORY_BROWSABLE, lo que permite a atacantes remotos evadir las restricciones de acceso a través de un sitio web manipulado.",NETWORK,LOW,NONE,PARTIAL,NONE,5.0,MEDIUM,NULL,NULL,,39.0.2171.45
Chrome,CVE-2015-1209,"Vulnerabilidad de uso después de liberación en la función VisibleSelection::nonBoundaryShadowTreeRootNode en core/editing/VisibleSelection.cpp en la implementación DOM en Blink, utilizado en Google Chrome anterior a 40.0.2214.111 en Windows, OS X, y Linux y anterior a 40.0.2214.109 en Android, permite a atacantes remotos causar una denegación de servicio o posiblemente tener otro impacto no especificado a través de código JavaScript manipulado que provoca el manejo incorrecto de una ancla shadow-root.",NETWORK,LOW,PARTIAL,PARTIAL,PARTIAL,7.5,HIGH,NULL,NULL,40.0.2214.109,
Chrome,CVE-2015-1210,"La función V8ThrowException::createDOMException en bindings/core/v8/V8ThrowException.cpp en las vinculaciones V8 en Blink, utilizado en Google Chrome anterior a 40.0.2214.111 en Windows, OS X, y Linux y anterior a 40.0.2214.109 en Android, no considera correctamente las restricciones de acceso a Frame durante el lanzamiento de una excepción, lo que permite a atacantes remotos evadir Same Origin Policy a través de un sitio web manipulado.",NETWORK,LOW,NONE,PARTIAL,NONE,5.0,MEDIUM,NULL,NULL,40.0.2214.109,
Chrome,CVE-2015-1211,"La función OriginCanAccessServiceWorkers en content/browser/service_worker/service_worker_dispatcher_host.cc en Google Chrome anterior a 40.0.2214.111 en Windows, OS X, y Linux y anterior a 40.0.2214.109 en Android no restringe correctamente la esquema de la URI durante un registro Serviceworker, lo que permite a atacantes remotos ganar privilegios a través de una URI filesystem:.",NETWORK,LOW,PARTIAL,PARTIAL,PARTIAL,7.5,HIGH,NULL,NULL,40.0.2214.109,
Chrome,CVE-2015-1212,"Múltiples vulnerabilidades no especificados en Google Chrome before 40.0.2214.111 en Windows, OS X, y Linux y anterior a 40.0.2214.109 en Android permiten a atacantes causar una denegación de servicio o posiblemente tener otro impacto a través de vectores desconocidos.",NETWORK,LOW,PARTIAL,PARTIAL,PARTIAL,7.5,HIGH,NULL,NULL,40.0.2214.109,
Chrome,CVE-2015-1261,"android/java/src/org/chromium/chrome/browser/WebsiteSettingsPopup.java en Google Chrome anterior a 43.0.2357.65 en Android no restringe correctamente el uso de el identificador de fragmentos de una URL durante la construcción de una página emergente de información, lo que permite a atacantes remotos falsificar la barra de la URL o entregar contenidos de emergentes engañosos a través de un texto manipulado.",NETWORK,LOW,NONE,PARTIAL,NONE,5.0,MEDIUM,NULL,NULL,,42.0.2311.107
Chrome,CVE-2016-5196,"El cliente renderizado de contenido en Google Chrome anterior a 54.0.2840.85 para Android fuerza insuficientemente la Same Origin Policy entre los archivos descargados, lo que permite a un atacante remoto acceder a cualquier archivo descargado e interactuar con sitios, incluyendo aquellos en los que el usuario ha iniciado sesión, a través de una página HTML manipulada.",NETWORK,MEDIUM,PARTIAL,PARTIAL,PARTIAL,6.8,MEDIUM,NULL,NULL,,54.0.2840.68
Chrome,CVE-2016-5197,"El cliente de vista de contenido en Google Chrome anterior a 54.0.2840.85 para Android valida insuficientemente las URLs intencionadas, lo que permitió a un atacante remoto que ha comprometido el proceso de renderización para iniciar actividad arbitraria en el sistema a través de una página HTML manipulada.",NETWORK,MEDIUM,PARTIAL,PARTIAL,PARTIAL,6.8,MEDIUM,NULL,NULL,,54.0.2840.68
Telegram,CVE-2019-16248,"La funcionalidad ""delete for"" en Telegram versiones anteriores a 5.11 en Android no elimina los archivos multimedia compartidos desde el directorio de Imágenes de Telegram. En otras palabras, existe una indicación de la IU potencialmente engañosa de que un remitente puede eliminar la copia de un destinatario de una imagen enviada previamente (análoga a la funcionalidad compatible en la que un remitente puede suprimir la copia de un destinatario de un mensaje enviado previamente).",LOCAL,LOW,HIGH,NONE,NONE,5.5,MEDIUM,NULL,NULL,5.11.0,
Telegram,CVE-2020-10570,"La aplicación Telegram versiones hasta 5.12 para Android, cuando Show Popup está habilitado, podría permitir a atacantes físicamente próximos omitir restricciones previstas en la lectura y respuesta de mensajes. Esto podría interpretarse como una omisión de la funcionalidad de código de acceso.",PHYSICAL,LOW,HIGH,HIGH,NONE,6.1,MEDIUM,NULL,NULL,,5.12.0
Telegram,CVE-2020-12474,"Telegram Desktop versiones hasta 2.0.1, Telegram versiones hasta 6.0.1 para Android y Telegram versiones hasta 6.0.1 para iOS, permiten un ataque de Homógrafo IDN por medio de un Punycode en una URL pública o una URL de invitación de chat grupal.",NETWORK,LOW,HIGH,NONE,NONE,6.5,MEDIUM,NULL,NULL,,6.0.1
Telegram,CVE-2021-27351,"La funcionalidad Terminate Session en la aplicación Telegram hasta la versión 7.2.1 para Android, y hasta la versión 2.4.7 para Windows y UNIX, presenta una fallo al invalidar una sesión activa recientemente",NETWORK,LOW,NONE,LOW,NONE,5.3,MEDIUM,NULL,NULL,,7.2.1
Telegram,CVE-2021-31315,"Telegram Android versiones anteriores a 7.1,.0 (2090), Telegram iOS versiones anteriores a 7.1, y Telegram macOS versiones anteriores a 7.1, están afectados por un Desbordamiento en la región Stack de la Memoria en la función blit de su derivación personalizada de la biblioteca rlottie.&#xa0;Un atacante remoto podría acceder a la memoria de pila de Telegram fuera de límites en un dispositivo víctima por medio de una etiqueta animada maliciosa",LOCAL,LOW,HIGH,NONE,NONE,5.5,MEDIUM,NULL,NULL,7.1.0,
Telegram,CVE-2021-31317,"Telegram Android versiones anteriores a 7.1,.0 (2090), Telegram iOS versiones anteriores a 7.1, y Telegram macOS versiones anteriores a 7.1, están afectados por una Confusión de Tipos en el constructor de VDasher de su derivación personalizada de la biblioteca rlottie.&#xa0;Un atacante remoto podría acceder a la memoria de la pila de Telegram fuera de límites en un dispositivo víctima por medio de una pegatina animada maliciosa",LOCAL,LOW,HIGH,NONE,NONE,5.5,MEDIUM,NULL,NULL,7.1.0,
Telegram,CVE-2021-31318,"Telegram Android versiones anteriores a 7.1,.0 (2090), Telegram iOS versiones anteriores a 7.1, y Telegram macOS versiones anteriores a 7.1, están afectados por una Confusión de Tipos en la función LOTCompLayerItem::LOTCompLayerItem de su derivación personalizada de la biblioteca rlottie.&#xa0;Un atacante remoto podría acceder a la memoria de la pila fuera de límites en un dispositivo víctima por medio de una etiqueta animada maliciosa",LOCAL,LOW,HIGH,NONE,NONE,5.5,MEDIUM,NULL,NULL,7.1.0,
Telegram,CVE-2021-31319,"Telegram Android versiones anteriores a 7.1,.0 (2090), Telegram iOS versiones anteriores a 7.1, y Telegram macOS versiones anteriores a 7.1, están afectados por un Desbordamiento de Enteros en la función LOTGradient::populate de su derivación personalizada de la biblioteca rlottie.&#xa0;Un atacante remoto podría acceder a la memoria de la pila fuera de límites en un dispositivo víctima por medio de una etiqueta animada maliciosa",LOCAL,LOW,HIGH,NONE,NONE,5.5,MEDIUM,NULL,NULL,7.1.0,
Telegram,CVE-2021-31320,"Telegram Android versiones anteriores a 7.1,.0 (2090), Telegram iOS versiones anteriores a 7.1, y Telegram macOS versiones anteriores a 7.1, están afectados por una vulnerabilidad de Desbordamiento del Búfer en la región Heap de la memoria en la función VGradientCache::generateGradientColorTable de su derivación personalizada de la biblioteca rlottie.&#xa0;Un atacante remoto podría sobrescribir la memoria de la pila fuera de límites en un dispositivo víctima por medio de una etiqueta animada maliciosa",LOCAL,LOW,NONE,HIGH,HIGH,7.1,HIGH,NULL,NULL,7.1.0,
Telegram,CVE-2021-31321,"Telegram Android versiones anteriores a 7.1,.0 (2090), Telegram iOS versiones anteriores a 7.1, y Telegram macOS versiones anteriores a 7.1, están afectados por un Desbordamiento en la región Stack de la Memoria en la función gray_split_cubic de su derivación personalizada de la biblioteca rlottie.&#xa0;Un atacante remoto podría sobrescribir la memoria de pila de Telegram fuera de límites en un dispositivo víctima por medio de una pegatina animada maliciosa",LOCAL,LOW,NONE,HIGH,HIGH,7.1,HIGH,NULL,NULL,7.1.0,
Telegram,CVE-2021-31322,"Telegram Android versiones anteriores a 7.1,.0 (2090), Telegram iOS versiones anteriores a 7.1, y Telegram macOS versiones anteriores a 7.1, están afectados por una vulnerabilidad de Desbordamiento del Búfer en la región Heap de la memoria en la función LOTGradient::populate de su derivación personalizada de la biblioteca rlottie.&#xa0;Un atacante remoto podría acceder a la memoria de la pila fuera de límites en un dispositivo víctima por medio de una etiqueta animada maliciosa",LOCAL,LOW,HIGH,NONE,NONE,5.5,MEDIUM,NULL,NULL,7.1.0,
Telegram,CVE-2021-31323,"Telegram Android versiones anteriores a 7.1,.0 (2090), Telegram iOS versiones anteriores a 7.1, y Telegram macOS versiones anteriores a 7.1,, están afectados por una vulnerabilidad de Desbordamiento del Búfer en la región Heap de la memoria en la función LottieParserImpl::parseDashProperty de su derivación personalizada de la biblioteca rlottie.&#xa0;Un atacante remoto podría acceder a la memoria de la pila fuera de límites en un dispositivo víctima por medio de una etiqueta animada maliciosa",LOCAL,LOW,HIGH,NONE,NONE,5.5,MEDIUM,NULL,NULL,7.1.0,
Telegram,CVE-2021-36769,"Se presenta un problema de reordenación en Telegram versiones anteriores a 7.8.1 para Android, Telegram versiones anteriores a 7.8.3 para iOS y Telegram Desktop versiones anteriores a 2.8.8. Un atacante puede causar al servidor recibir mensajes en un orden diferente al que se envió al cliente",NETWORK,LOW,NONE,LOW,NONE,5.3,MEDIUM,NULL,NULL,7.8.1,
Shazam,CVE-2019-8791,Se presentó un problema en el análisis de los esquemas de URL. Este problema fue abordado con una comprobación de URL mejorada. Este problema fue corregido en Shazam Android App versión 9.25.0 y Shazam iOS App versión 12.11.0. El procesamiento de una URL diseñada maliciosamente puede conllevar a un redireccionamiento abierto.,NETWORK,LOW,LOW,LOW,NONE,6.1,MEDIUM,NULL,NULL,12.11.0,
Viber,CVE-2019-18800,"Viber hasta la versión 11.7.0.5 permite a un atacante remoto que puede capturar el tráfico de Internet de una víctima robar su cuenta de Viber, porque no todo el tráfico del protocolo de Viber está encriptado. El paquete de datos TCP 9 en el puerto 4244 del dispositivo de la víctima contiene información de texto claro, como el modelo del dispositivo y la versión del sistema operativo, IMSI, y 20 bytes de udid en formato binario, que se encuentra en el desplazamiento 0x14 de este paquete. Luego, el atacante instala Viber en su dispositivo, inicia el proceso de registro para cualquier número de teléfono, pero no ingresa un pin de SMS. En cambio, cierra Viber. Luego, el atacante reescribe su udid con el udid de la víctima, modificando el archivo viber_udid, que se encuentra en la carpeta de preferencias de Viber. (El udid se almacena en un formato hexadecimal). Finalmente, el atacante inicia Viber nuevamente e ingresa el pin desde SMS.",NETWORK,LOW,HIGH,HIGH,HIGH,8.8,HIGH,NULL,NULL,,11.7.0.5
Microsoft Excel,CVE-2022-26903,Una vulnerabilidad de Ejecución de Código Remota en Windows Graphics Component,LOCAL,LOW,HIGH,HIGH,HIGH,7.8,HIGH,NULL,NULL,,
Moments,CVE-2018-13298,"Una vulnerabilidad de canal accesible por ""non-endpoint"" en la página de privacidad de Synology Android Moments, en versiones anteriores a la 1.2.3-199, permite a los atacantes Man-in-the-Middle (MitM) ejecutar código arbitrario mediante vectores sin especificar.",NETWORK,MEDIUM,PARTIAL,PARTIAL,PARTIAL,6.8,MEDIUM,NULL,NULL,1.2.3-199,
OneDrive,CVE-2020-0654,"Se presenta una vulnerabilidad de omisión de la característica de seguridad en la aplicación Microsoft OneDrive para Android. Esto podría permitir a un atacante omitir los requisitos de contraseña o huella dactilar de la aplicación. La actualización de seguridad aborda la vulnerabilidad corrigiendo la manera en que la aplicación Microsoft OneDrive para Android maneja el intercambio de enlaces, también se conoce como ""Microsoft OneDrive for Android Security Feature Bypass Vulnerability"".",NETWORK,LOW,HIGH,HIGH,NONE,9.1,CRITICAL,NULL,NULL,,
OneDrive,CVE-2022-23255,Una Vulnerabilidad de la función de seguridad de Microsoft OneDrive para Android,PHYSICAL,LOW,HIGH,HIGH,NONE,5.9,MEDIUM,NULL,NULL,,
OneDrive,CVE-2023-24923,Microsoft OneDrive for Android Information Disclosure Vulnerability,LOCAL,LOW,HIGH,NONE,NONE,5.5,MEDIUM,NULL,NULL,6.73,
Zoom,CVE-2022-28755,"Zoom Client for Meetings (para Android, iOS, Linux, macOS y Windows) versiones anteriores a 5.11.0, es susceptible de una vulnerabilidad de análisis de URL. Si es abierta una URL de reunión de Zoom maliciosa, el enlace malicioso puede dirigir al usuario a conectarse a una dirección de red arbitraria, lo que conlleva ataques adicionales, incluyendo la posibilidad de ejecución de código remoto mediante el lanzamiento de ejecutables desde rutas arbitrarias",NETWORK,LOW,LOW,LOW,NONE,6.1,MEDIUM,NULL,NULL,5.11.0,
Zoom,CVE-2022-36928,Zoom for Android clients before version 5.13.0 contain a path traversal vulnerability. A third party app could exploit this vulnerability to read and write to the Zoom application data directory.,LOCAL,LOW,HIGH,HIGH,NONE,7.1,HIGH,NULL,NULL,5.13.0,
Zoom,CVE-2023-28597,"Zoom clients prior to 5.13.5 contain an improper trust boundary implementation vulnerability. If a victim saves a local recording to an SMB location and later opens it using a link from Zoom’s web portal, an attacker positioned on an adjacent network to the victim client could set up a malicious SMB server to respond to client requests, causing the client to execute attacker controlled executables. This could result in an attacker gaining access to a user's device and data, and remote code execution.",ADJACENT_NETWORK,HIGH,HIGH,HIGH,HIGH,7.5,HIGH,NULL,NULL,5.13.5,
Zoom,CVE-2023-28599,"Zoom clients prior to 5.13.10 contain an HTML injection vulnerability.  A malicious user could inject HTML into  their display name potentially leading a victim to a malicious website during meeting creation.

",NETWORK,LOW,NONE,LOW,NONE,4.3,MEDIUM,NULL,NULL,5.13.10,
Zoom,CVE-2023-36532,El desbordamiento del búfer en los clientes Zoom anteriores a la versión 5.14.5 puede permitir a un usuario no autenticado activar una denegación de servicio a través del acceso a la red. ,NETWORK,LOW,NONE,NONE,HIGH,7.5,HIGH,NULL,NULL,5.14.5,
Zoom,CVE-2023-36535,Client-side enforcement of server-side security in Zoom clients before 5.14.10 may allow an authenticated user to enable information disclosure via network access.,NETWORK,LOW,HIGH,NONE,NONE,6.5,MEDIUM,NULL,NULL,5.14.10,
Zoom,CVE-2023-39218,Client-side enforcement of server-side security in Zoom clients before 5.14.10 may allow a privileged user to enable information disclosure via network access.,NETWORK,LOW,HIGH,NONE,NONE,4.9,MEDIUM,NULL,NULL,5.14.10,
Zoom,CVE-2023-39214,"
Exposure of sensitive information in Zoom Client SDK's before 5.15.5 may allow an authenticated user to enable a denial of service via network access.

",NETWORK,LOW,HIGH,NONE,HIGH,8.1,HIGH,NULL,NULL,5.15.5,
Zoom,CVE-2023-39215,Una autenticación inadecuada en los clientes de Zoom puede permitir que un usuario autenticado realice una denegación de servicio a través del acceso a la red.  ,NETWORK,LOW,NONE,NONE,HIGH,6.5,MEDIUM,NULL,NULL,5.15.5,
Zoom,CVE-2023-39199,Los problemas criptográficos con el chat durante la reunión para algunos clientes de Zoom pueden permitir que un usuario privilegiado realice una divulgación de información a través del acceso a la red.,NETWORK,LOW,HIGH,NONE,NONE,6.5,MEDIUM,NULL,NULL,5.16.0,
Zoom,CVE-2023-39204,El desbordamiento del búfer en algunos clientes de Zoom puede permitir que un usuario no autenticado realice una denegación de servicio a través del acceso a la red.,NETWORK,LOW,NONE,NONE,HIGH,7.5,HIGH,NULL,NULL,5.15.10,
Zoom,CVE-2023-39205,La verificación de condiciones inadecuadas en Zoom Team Chat para clientes de Zoom puede permitir que un usuario autenticado lleve a cabo una denegación de servicio a través del acceso a la red.,NETWORK,LOW,NONE,NONE,HIGH,6.5,MEDIUM,NULL,NULL,5.16.0,
Zoom,CVE-2023-39206,El desbordamiento del búfer en algunos clientes de Zoom puede permitir que un usuario no autenticado realice una denegación de servicio a través del acceso a la red.,NETWORK,LOW,NONE,NONE,HIGH,7.5,HIGH,NULL,NULL,5.16.0,
Zoom,CVE-2023-43582,La autorización inadecuada en algunos clientes de Zoom puede permitir que un usuario autorizado realice una escalada de privilegios a través del acceso a la red.,NETWORK,LOW,HIGH,HIGH,HIGH,8.8,HIGH,NULL,NULL,5.16.0,
Zoom,CVE-2023-43583,"Los problemas criptográficos de la aplicación Zoom Mobile para Android, la aplicación Zoom Mobile para iOS y los SDK de Zoom para Android e iOS anteriores a la versión 5.16.0 pueden permitir que un usuario privilegiado realice una divulgación de información a través del acceso a la red.",NETWORK,LOW,HIGH,NONE,NONE,4.9,MEDIUM,NULL,NULL,5.16.0,
Zoom,CVE-2023-49646,La autenticación incorrecta en Zoom clients anteriores a la versión 5.16.5 puede permitir que un usuario autenticado realice una denegación de servicio a través del acceso a la red.,NETWORK,LOW,NONE,NONE,HIGH,6.5,MEDIUM,NULL,NULL,5.16.5,
LastPass,CVE-2013-5113,"LastPass versiones anteriores a 2.5.1, presenta una implementación de PIN no segura.",PHYSICAL,LOW,HIGH,HIGH,HIGH,6.8,MEDIUM,NULL,NULL,2.5.1,
LastPass,CVE-2013-5114,"LastPass versiones anteriores a 2.5.1, permite una omisión de limpieza segura.",PHYSICAL,LOW,HIGH,HIGH,NONE,6.1,MEDIUM,NULL,NULL,2.5.1,
OneNote,CVE-2023-21721,Microsoft OneNote Elevation of Privilege Vulnerability,NETWORK,LOW,NONE,HIGH,NONE,6.5,MEDIUM,NULL,NULL,16.0.16026.20158,
TikTok,CVE-2022-28799,La aplicación TikTok antes de la versión 23.7.3 para Android permite la toma de posesión de cuentas. Una URL crafteada (deeplink no validado) puede forzar el com.zhiliaoapp.musically WebView a cargar un sitio web arbitrario. Esto puede permitir a un atacante aprovechar una interfaz JavaScript adjunta para la toma de posesión con un solo clic.,NETWORK,LOW,HIGH,HIGH,HIGH,8.8,HIGH,NULL,NULL,23.7.3,
Microsoft 365,CVE-2023-24910,Windows Graphics Component Elevation of Privilege Vulnerability,LOCAL,LOW,HIGH,HIGH,HIGH,7.8,HIGH,NULL,NULL,,
Firefox,CVE-2012-3979,"Mozilla Firefox anterior a v15.0 en Android no implementa correctamente los (callers) de la función __android_log_print, lo que permite a atacantes remotos ejecutar código arbitrario a través de una página web diseñada que llama a la función de volcado JavaScript.",NETWORK,MEDIUM,PARTIAL,PARTIAL,PARTIAL,6.8,MEDIUM,NULL,NULL,,14.0
Firefox,CVE-2020-15666,"Cuando se intenta cargar un archivo que no es de video en un contexto de audio y video, el código de estado exacto (200, 302, 404, 500, 412, 403, etc.) fue revelado por medio del MediaError Message.&#xa0;Este nivel de filtración de información es inconsistente con la divulgación estandarizada onerror/onsuccess y puede conllevar a inferir el estado de inicio de sesión a los servicios o a la detección de dispositivos en una red local, entre otros ataques.&#xa0;Esta vulnerabilidad afecta a Firefox versiones anteriores a 80 y Firefox para Android versiones anteriores a 80",NETWORK,LOW,HIGH,NONE,NONE,6.5,MEDIUM,NULL,NULL,80.0,
Firefox,CVE-2020-15668,Un candado esta faltando al acceder a una estructura de datos e importar información del certificado hacia la base de datos confiable.&#xa0;Esta vulnerabilidad afecta a Firefox versiones anteriores a 80 y Firefox para Android versiones anteriores a 80,NETWORK,LOW,LOW,NONE,NONE,4.3,MEDIUM,NULL,NULL,80.0,
Firefox,CVE-2020-15670,"Los desarrolladores de Mozilla reportaron de unos bugs de seguridad de la memoria presentes en Firefox para Android versión 79. Algunos de estos bugs han mostrado evidencia de corrupción de la memoria y suponemos que con suficiente esfuerzo algunos de ellos podrían haber sido explotados para ejecutar código arbitrario.&#xa0;Esta vulnerabilidad afecta a Firefox versiones anteriores a 80, Firefox ESR versiones anteriores a 78.2, Thunderbird versiones anteriores a 78.2 y Firefox para Android versiones anteriores a 80",NETWORK,LOW,HIGH,HIGH,HIGH,8.8,HIGH,NULL,NULL,80.0,
Firefox,CVE-2020-15671,"Cuando se escribe una contraseña bajo determinadas condiciones, es posible que se haya producido una carrera en la que InputContext no estaba siendo ajustado correctamente para el campo de entrada, resultando en que la contraseña escrita se guardada en el diccionario del teclado.&#xa0;Esta vulnerabilidad afecta a Firefox para Android versiones anteriores a 80",NETWORK,HIGH,LOW,NONE,NONE,3.1,LOW,NULL,NULL,80.0,
Firefox,CVE-2020-12400,"Cuando se convierten coordenadas desde una descriptiva a afín, la inversión modular no se llevó a cabo en un tiempo constante, resultando en un posible ataque de canal lateral basado en sincronización.&#xa0;Esta vulnerabilidad afecta a Firefox versiones anteriores a 80 y Firefox para Android versiones anteriores a 80",LOCAL,HIGH,HIGH,NONE,NONE,4.7,MEDIUM,NULL,NULL,80.0,
Firefox,CVE-2020-12401,"Durante la generación de firmas ECDSA, fue removido el relleno aplicado en el nonce diseñado para asegurar la multiplicación escalar de tiempo constante, resultando en una ejecución de tiempo variable dependiente de datos secretos.&#xa0;Esta vulnerabilidad afecta a Firefox versiones anteriores a 80 y Firefox para Android versiones anteriores a 80",LOCAL,HIGH,HIGH,NONE,NONE,4.7,MEDIUM,NULL,NULL,80.0,
Firefox,CVE-2020-6829,"Cuando se lleva a cabo la multiplicación de puntos escalares EC, se usó el algoritmo de multiplicación de puntos wNAF;&#xa0;que filtró información parcial sobre el nonce usado durante la generación de firmas.&#xa0;Dado un rastro electromagnético de unas pocas generaciones de firmas, la clave privada podría haberse calculado.&#xa0;Esta vulnerabilidad afecta a Firefox versiones anteriores a 80 y Firefox para Android versiones anteriores a 80",NETWORK,LOW,LOW,NONE,NONE,5.3,MEDIUM,NULL,NULL,80.0,
Firefox,CVE-2020-26954,"Al aceptar un intent malicioso de otras aplicaciones instaladas, Firefox para Android aceptó manifiestos de rutas de archivo arbitrarias y permitió declarar manifiestos de aplicaciones web para otros orígenes. Esto podría ser usado para conseguir acceso a la pantalla completa para la suplantación de identidad y también podría conllevar a ataques de tipo cross-origin en sitios web específicos. *Nota: Este problema sólo afectaba a Firefox para Android. Otros sistemas operativos no están afectados. Esta vulnerabilidad afecta a Firefox versiones anteriores a 83",NETWORK,LOW,NONE,LOW,NONE,4.3,MEDIUM,NULL,NULL,83.0,
Firefox,CVE-2020-26955,"Cuando un usuario descargaba un archivo en Firefox para Android, si una cookie es ajustada, ésta habría sido reenviada durante una operación posterior de descarga de archivos en el mismo dominio, independientemente de si la petición original y posterior se encontraban en modos de navegación privados y no privados. *Nota: Este problema sólo afectaba a Firefox para Android. Los demás sistemas operativos no están afectados.*. Esta vulnerabilidad afecta a Firefox versiones anteriores a 83",NETWORK,LOW,NONE,HIGH,NONE,6.5,MEDIUM,NULL,NULL,83.0,
Firefox,CVE-2020-26957,OneCRL no funcionaba en el nuevo Firefox para Android debido a una falta de inicialización del servicio. Esto podría resultar en un fallo en la aplicación de algunas revocaciones de certificados. *Nota: Este problema sólo afectaba a Firefox para Android. Otros sistemas operativos no están afectados.* Esta vulnerabilidad afecta a Firefox versiones anteriores a 83,NETWORK,LOW,NONE,HIGH,NONE,6.5,MEDIUM,NULL,NULL,83.0,
Firefox,CVE-2020-26964,"Si la funcionalidad Remote Debugging via USB estaba habilitada en Firefox para Android en una versión de Android anterior a Android 6.0, las aplicaciones no confiables podrían haberse conectado a la funcionalidad y operar con los privilegios del navegador para leer e interactuar con el contenido web.&#xa0;La funcionalidad fue implementada como un socket de dominio Unix, protegido por la política SELinux de Android;&#xa0;sin embargo, SELinux no se aplicó para versiones anteriores a 6.0.&#xa0;Esto se corrigió al eliminar la funcionalidad Remote Debugging via USB de los dispositivos afectados.&#xa0;*Nota: este problema solo afectó a Firefox para Android.&#xa0;Otros sistemas operativos no están afectados.*.&#xa0;Esta vulnerabilidad afecta a Firefox versiones anteriores a 83",NETWORK,HIGH,HIGH,HIGH,NONE,6.8,MEDIUM,NULL,NULL,83.0,
Firefox,CVE-2020-26975,"Cuando una aplicación maliciosa instalada en el dispositivo del usuario transmitió un Intent a Firefox para Android, se podrían haber especificado encabezados arbitrarios, conllevando a ataques como abuso de autoridad ambiental o fijación de sesiones.&#xa0;Esto se resolvió permitiendo solo determinados encabezados en la lista segura.&#xa0;*Nota: este problema solo afectó a Firefox para Android.&#xa0;Otros sistemas operativos no están afectados.*.&#xa0;Esta vulnerabilidad afecta a Firefox versiones anteriores a 84",NETWORK,LOW,NONE,HIGH,NONE,6.5,MEDIUM,NULL,NULL,84.0,
Firefox,CVE-2020-26977,"Al intentar conectar un sitio web usando un puerto que no responde, un atacante podría haber controlado el contenido de una pestaña mientras la barra de URL mostraba el dominio original.&#xa0;*Nota: este problema solo afecta a Firefox para Android.&#xa0;Otros sistemas operativos no están afectados.*.&#xa0;Esta vulnerabilidad afecta a Firefox versiones anteriores a 84",NETWORK,LOW,NONE,HIGH,NONE,6.5,MEDIUM,NULL,NULL,84.0,
Firefox,CVE-2021-23976,"Cuando se acepta una intención maliciosa de otras aplicaciones instaladas, Firefox para Android aceptó manifiestos de rutas de archivos arbitrarias y permitió declarar manifiestos de aplicaciones web para otros orígenes.&#xa0;Esto podría usarse para conseguir acceso a pantalla completa para la suplantación de la interfaz de usuario y también podría conllevar a ataques de origen cruzado en sitios web específicos.&#xa0;Nota: Este problema es diferente de CVE-2020-26954 y solo afecta a Firefox para Android.&#xa0;Otros sistemas operativos no están afectados.&#xa0;Esta vulnerabilidad afecta a Firefox versiones anteriores a 86",NETWORK,LOW,HIGH,HIGH,NONE,8.1,HIGH,NULL,NULL,86.0,
Firefox,CVE-2021-23957,"Las navegaciones por medio del esquema de URL ""intent"" específico de Android podrían haber sido usado inapropiadamente para escapar del sandbox de iframe.&#xa0;Nota: este problema solo afectó a Firefox para Android.&#xa0;Otros sistemas operativos no están afectados.&#xa0;Esta vulnerabilidad afecta a Firefox versiones anteriores a 85",NETWORK,LOW,NONE,HIGH,NONE,7.4,HIGH,NULL,NULL,85.0,
Firefox,CVE-2021-23959,"Un bug de tipo XSS en las páginas de error internas podría conllevar a varios ataques de suplantación de identidad, incluyendo otras páginas de error y la barra de direcciones.&#xa0;Nota: este problema solo afectó a Firefox para Android.&#xa0;Otros sistemas operativos no están afectados.&#xa0;Esta vulnerabilidad afecta a Firefox versiones anteriores a 85",NETWORK,LOW,LOW,LOW,NONE,6.1,MEDIUM,NULL,NULL,85.0,
Firefox,CVE-2021-23977,Firefox para Android sufrió una vulnerabilidad de tipo time-of-check-time-of-use que permitía a una aplicación maliciosa leer datos confidenciales desde los directorios de la  aplicación.&#xa0;Nota: este problema solo afecta a Firefox para Android.&#xa0;Otros sistemas operativos no están afectados.&#xa0;Esta vulnerabilidad afecta a Firefox versiones anteriores a 86,NETWORK,HIGH,HIGH,NONE,NONE,5.3,MEDIUM,NULL,NULL,86.0,
Firefox,CVE-2021-29952,"Cuando se destruían los componentes de Web Render, una condición de carrera podría haber causado un comportamiento indefinido, y presumimos que con suficiente esfuerzo podría haber sido explotable para ejecutar código arbitrario. Esta vulnerabilidad afecta a Firefox versiones anteriores a 88.0.1 y a Firefox para Android versiones anteriores a 88.1.3",NETWORK,HIGH,HIGH,HIGH,HIGH,7.5,HIGH,NULL,NULL,88.1.3,
Firefox,CVE-2021-29953,"Una página web maliciosa podría haber forzado a un usuario de Firefox para Android a ejecutar JavaScript controlado por el atacante en el contexto de otro dominio, resultando en una vulnerabilidad de tipo Universal Cross-Site Scripting . *Nota: Este problema sólo afecta a Firefox para Android. Otros sistemas operativos no están afectados. Se están reteniendo temporalmente más detalles para dar a usuarios la oportunidad de actualizarse. Esta vulnerabilidad afecta a Firefox versiones anteriores a 88.0.1 y a Firefox para Android versiones anteriores a 88.1.3",NETWORK,LOW,LOW,LOW,NONE,6.1,MEDIUM,NULL,NULL,88.1.3,
Firefox,CVE-2021-29962,Firefox para Android se volvía inestable y difícil de recuperar cuando un sitio web abría demasiadas ventanas emergentes. *Este bug sólo afecta a Firefox para Android. Otros sistemas operativos no están afectados.*. Esta vulnerabilidad afecta a Firefox versiones anteriores a 89,NETWORK,LOW,NONE,NONE,LOW,4.3,MEDIUM,NULL,NULL,89.0,
Firefox,CVE-2021-29963,Las sugerencias de búsqueda de la barra de direcciones en el modo de navegación privada reusaban los datos de la sesión del modo normal. *Este bug sólo afecta a Firefox para Android. Otros sistemas operativos no están afectados*. Esta vulnerabilidad afecta a Firefox versiones anteriores a 89,NETWORK,LOW,NONE,LOW,NONE,4.3,MEDIUM,NULL,NULL,89.0,
Firefox,CVE-2021-29965,Un sitio web malicioso que causa que se genere un diálogo de autenticación HTTP podría engañar al gestor de contraseñas integrado para sugerir contraseñas para el sitio web actualmente activo en lugar del sitio web que desencadenó el diálogo. *Este bug sólo afecta a Firefox para Android. Otros sistemas operativos no están afectados. Esta vulnerabilidad afecta a Firefox versiones anteriores a 89,NETWORK,LOW,NONE,LOW,NONE,5.3,MEDIUM,NULL,NULL,89.0,
Firefox,CVE-2021-29971,"Si un usuario ha concedido un permiso a una página web y ha guardado esa concesión, cualquier página web que se ejecute en el mismo host -independientemente del esquema o del puerto- recibirá ese permiso. *Este bug sólo afecta a Firefox para Android. Otros sistemas operativos no se ven afectados*. Esta vulnerabilidad afecta a Firefox versiones anteriores a 90",NETWORK,LOW,HIGH,HIGH,HIGH,9.8,CRITICAL,NULL,NULL,90.0,
Firefox,CVE-2021-29973,El autocompletado de contraseñas se activaba sin la interacción del usuario en sitios web no seguros en Firefox para Android. Esto fue corregido para requerir la interacción del usuario con la página antes de que la contraseña de un usuario fuera introducida por la funcionalidad autofill del navegador *Este bug solo afecta a Firefox para Android. Otros sistemas operativos no están afectados*. Esta vulnerabilidad afecta a Firefox versiones anteriores a 90,NETWORK,LOW,HIGH,HIGH,HIGH,8.8,HIGH,NULL,NULL,90.0,
Firefox,CVE-2021-29993,"Firefox para Android permitía una navegación mediante el protocolo ""intent://"", lo que podía ser usado para causar bloqueos y falsificaciones de la Interfaz de Usuario. *Este bug sólo afecta a Firefox para Android. Otros sistemas operativos no están afectados*. Esta vulnerabilidad afecta a Firefox versiones anteriores a 92",NETWORK,LOW,NONE,HIGH,HIGH,8.1,HIGH,NULL,NULL,92.0,
Firefox,CVE-2022-26485,"La eliminación de un parámetro XSLT durante el procesamiento podría haber dado lugar a un use-after-free explotable. Hemos recibido informes de ataques en la naturaleza que abusan de esta falla. Esta vulnerabilidad afecta a Firefox &lt; 97.0.2, Firefox ESR &lt; 91.6.1, Firefox para Android &lt; 97.3.0, Thunderbird &lt; 91.6.2 y Focus &lt; 97.3.0.",NETWORK,LOW,HIGH,HIGH,HIGH,8.8,HIGH,NULL,NULL,97.3.0,
Firefox,CVE-2022-26486,"Un mensaje inesperado en el framework IPC de WebGPU podría provocar un escape de la sandbox explotable y de use-after-free. Hemos recibido informes de ataques en la naturaleza que abusan de esta falla. Esta vulnerabilidad afecta a Firefox &lt; 97.0.2, Firefox ESR &lt; 91.6.1, Firefox para Android &lt; 97.3.0, Thunderbird &lt; 91.6.2 y Focus &lt; 97.3.0.",NETWORK,LOW,HIGH,HIGH,HIGH,9.6,CRITICAL,NULL,NULL,97.3.0,
Firefox,CVE-2022-38474,Un sitio web que tuviera permiso para acceder al micrófono podría grabar audio sin que se mostrara la notificación de audio. Este error no permite que el atacante omita la solicitud de permiso; solo afecta la notificación que se muestra una vez que se ha otorgado el permiso.<br>*Este error solo afecta a Firefox para Android. Otros sistemas operativos no se ven afectados.*. Esta vulnerabilidad afecta a Firefox &lt; 104.,NETWORK,LOW,NONE,LOW,NONE,4.3,MEDIUM,NULL,NULL,104.0,
Firefox,CVE-2023-23600,Per origin notification permissions were being stored in a way that didn't take into account what browsing context the permission was granted in. This lead to the possibility of notifications to be displayed during different browsing sessions.<br>*This bug only affects Firefox for Android. Other operating systems are unaffected.*. This vulnerability affects Firefox < 109.,NETWORK,LOW,HIGH,NONE,NONE,6.5,MEDIUM,NULL,NULL,109.0,
Firefox,CVE-2023-25748,"By displaying a prompt with a long description, the fullscreen notification could have been hidden, resulting in potential user confusion or spoofing attacks. <br>*This bug only affects Firefox for Android. Other operating systems are unaffected.*. This vulnerability affects Firefox < 111.",NETWORK,LOW,NONE,LOW,NONE,4.3,MEDIUM,NULL,NULL,111.0,
Firefox,CVE-2023-25749,"Android applications with unpatched vulnerabilities can be launched from a browser using Intents, exposing users to these vulnerabilities. Firefox will now confirm with users that they want to launch an external application before doing so. <br>*This bug only affects Firefox for Android. Other versions of Firefox are unaffected.*. This vulnerability affects Firefox < 111.",NETWORK,LOW,NONE,LOW,NONE,4.3,MEDIUM,NULL,NULL,111.0,
Firefox,CVE-2023-28159,"The fullscreen notification could have been hidden on Firefox for Android by using download popups, resulting in potential user confusion or spoofing attacks. <br>*This bug only affects Firefox for Android. Other operating systems are unaffected.*. This vulnerability affects Firefox < 111.",NETWORK,LOW,NONE,LOW,NONE,4.3,MEDIUM,NULL,NULL,111.0,
Firefox,CVE-2023-29533,"A website could have obscured the fullscreen notification by using a combination of <code>window.open</code>, fullscreen requests, <code>window.name</code> assignments, and <code>setInterval</code> calls. This could have led to user confusion and possible spoofing attacks. This vulnerability affects Firefox < 112, Focus for Android < 112, Firefox ESR < 102.10, Firefox for Android < 112, and Thunderbird < 102.10.",NETWORK,LOW,NONE,LOW,NONE,4.3,MEDIUM,NULL,NULL,112.0,
Firefox,CVE-2023-29535,"Following a Garbage Collector compaction, weak maps may have been accessed before they were correctly traced. This resulted in memory corruption and a potentially exploitable crash. This vulnerability affects Firefox < 112, Focus for Android < 112, Firefox ESR < 102.10, Firefox for Android < 112, and Thunderbird < 102.10.",NETWORK,LOW,NONE,NONE,HIGH,6.5,MEDIUM,NULL,NULL,112.0,
Firefox,CVE-2023-29536,"An attacker could cause the memory manager to incorrectly free a pointer that addresses attacker-controlled memory, resulting in an assertion, memory corruption, or a potentially exploitable crash. This vulnerability affects Firefox < 112, Focus for Android < 112, Firefox ESR < 102.10, Firefox for Android < 112, and Thunderbird < 102.10.",NETWORK,LOW,HIGH,HIGH,HIGH,8.8,HIGH,NULL,NULL,112.0,
Firefox,CVE-2023-29537,"Multiple race conditions in the font initialization could have led to memory corruption and execution of attacker-controlled code. This vulnerability affects Firefox for Android < 112, Firefox < 112, and Focus for Android < 112.",NETWORK,HIGH,HIGH,HIGH,HIGH,7.5,HIGH,NULL,NULL,112.0,
Firefox,CVE-2023-29538,"Under specific circumstances a WebExtension may have received a <code>jar:file:///</code> URI instead of a <code>moz-extension:///</code> URI during a load request. This leaked directory paths on the user's machine. This vulnerability affects Firefox for Android < 112, Firefox < 112, and Focus for Android < 112.",NETWORK,LOW,LOW,NONE,NONE,4.3,MEDIUM,NULL,NULL,112.0,
Firefox,CVE-2023-29539,"When handling the filename directive in the Content-Disposition header, the filename would be truncated if the filename contained a NULL character. This could have led to reflected file download attacks potentially tricking users to install malware. This vulnerability affects Firefox < 112, Focus for Android < 112, Firefox ESR < 102.10, Firefox for Android < 112, and Thunderbird < 102.10.",NETWORK,LOW,HIGH,HIGH,HIGH,8.8,HIGH,NULL,NULL,112.0,
Firefox,CVE-2023-29540,"Using a redirect embedded into <code>sourceMappingUrls</code> could allow for navigation to external protocol links in sandboxed iframes without <code>allow-top-navigation-to-custom-protocols</code>. This vulnerability affects Firefox for Android < 112, Firefox < 112, and Focus for Android < 112.",NETWORK,LOW,LOW,LOW,NONE,6.1,MEDIUM,NULL,NULL,112.0,
Firefox,CVE-2023-29541,"Firefox did not properly handle downloads of files ending in <code>.desktop</code>, which can be interpreted to run attacker-controlled commands. <br>*This bug only affects Firefox for Linux on certain Distributions. Other operating systems are unaffected, and Mozilla is unable to enumerate all affected Linux Distributions.*. This vulnerability affects Firefox < 112, Focus for Android < 112, Firefox ESR < 102.10, Firefox for Android < 112, and Thunderbird < 102.10.",NETWORK,LOW,HIGH,HIGH,HIGH,8.8,HIGH,NULL,NULL,112.0,
Firefox,CVE-2023-29543,"An attacker could have caused memory corruption and a potentially exploitable use-after-free of a pointer in a global object's debugger vector. This vulnerability affects Firefox for Android < 112, Firefox < 112, and Focus for Android < 112.",NETWORK,LOW,HIGH,HIGH,HIGH,8.8,HIGH,NULL,NULL,112.0,
Firefox,CVE-2023-29544,"If multiple instances of resource exhaustion occurred at the incorrect time, the garbage collector could have caused memory corruption and a potentially exploitable crash. This vulnerability affects Firefox for Android < 112, Firefox < 112, and Focus for Android < 112.",NETWORK,LOW,NONE,NONE,HIGH,6.5,MEDIUM,NULL,NULL,112.0,
Firefox,CVE-2023-29548,"A wrong lowering instruction in the ARM64 Ion compiler resulted in a wrong optimization result. This vulnerability affects Firefox < 112, Focus for Android < 112, Firefox ESR < 102.10, Firefox for Android < 112, and Thunderbird < 102.10.",NETWORK,LOW,NONE,HIGH,NONE,6.5,MEDIUM,NULL,NULL,112.0,
Firefox,CVE-2023-29549,"Under certain circumstances, a call to the <code>bind</code> function may have resulted in the incorrect realm. This may have created a vulnerability relating to JavaScript-implemented sandboxes such as SES. This vulnerability affects Firefox for Android < 112, Firefox < 112, and Focus for Android < 112.",NETWORK,LOW,NONE,HIGH,NONE,6.5,MEDIUM,NULL,NULL,112.0,
Firefox,CVE-2023-29550,"Memory safety bugs present in Firefox 111 and Firefox ESR 102.9. Some of these bugs showed evidence of memory corruption and we presume that with enough effort some of these could have been exploited to run arbitrary code. This vulnerability affects Firefox < 112, Focus for Android < 112, Firefox ESR < 102.10, Firefox for Android < 112, and Thunderbird < 102.10.",NETWORK,LOW,HIGH,HIGH,HIGH,8.8,HIGH,NULL,NULL,112.0,
Firefox,CVE-2023-29551,"Memory safety bugs present in Firefox 111. Some of these bugs showed evidence of memory corruption and we presume that with enough effort some of these could have been exploited to run arbitrary code. This vulnerability affects Firefox for Android < 112, Firefox < 112, and Focus for Android < 112.",NETWORK,LOW,HIGH,HIGH,HIGH,8.8,HIGH,NULL,NULL,112.0,
Firefox,CVE-2023-25747,"A potential use-after-free in libaudio was fixed by disabling the AAudio backend when running on Android API below version 30.
*This bug only affects Firefox for Android. Other versions of Firefox are unaffected.* This vulnerability affects Firefox for Android < 110.1.0.",NETWORK,LOW,NONE,NONE,HIGH,7.5,HIGH,NULL,NULL,110.1,
Firefox,CVE-2023-29534,"Different techniques existed to obscure the fullscreen notification in Firefox and Focus for Android.  These could have led to potential user confusion and spoofing attacks.

*This bug only affects Firefox and Focus for Android. Other versions of Firefox are unaffected.* This vulnerability affects Firefox for Android < 112 and Focus for Android < 112.

",NETWORK,LOW,HIGH,HIGH,NONE,9.1,CRITICAL,NULL,NULL,112.0,
Firefox,CVE-2023-29546,"When recording the screen while in Private Browsing on Firefox for Android the address bar and keyboard were not hidden, potentially leaking sensitive information. 

*This bug only affects Firefox for Android. Other operating systems are unaffected.* This vulnerability affects Firefox for Android < 112 and Focus for Android < 112.

",NETWORK,LOW,HIGH,NONE,NONE,6.5,MEDIUM,NULL,NULL,112.0,
Microsoft Teams,CVE-2022-21965,Una Vulnerabilidad de Denegación de Servicio en Microsoft Teams,NETWORK,LOW,NONE,NONE,HIGH,7.5,HIGH,NULL,NULL,,
Microsoft Teams,CVE-2023-29328,Microsoft Teams Remote Code Execution Vulnerability,NETWORK,LOW,HIGH,HIGH,HIGH,8.8,HIGH,NULL,NULL,1.0.0.2023070204,
Microsoft Teams,CVE-2023-29330,Microsoft Teams Remote Code Execution Vulnerability,NETWORK,LOW,HIGH,HIGH,HIGH,8.8,HIGH,NULL,NULL,1.0.0.2023070204,
Authenticator,CVE-2022-35290,"En determinadas condiciones, SAP Authenticator para Android permite a un atacante acceder a información que de otro modo estaría restringida",NETWORK,LOW,HIGH,NONE,NONE,7.5,HIGH,NULL,NULL,1.2.17,
